<?xml version="1.0" encoding="UTF-8"?>
<!DOCTYPE log4j:configuration SYSTEM "log4j.dtd">
<log4j:configuration xmlns:log4j="http://jakarta.apache.org/log4j/"
	debug="false">
	<appender name="ConsoleAppender" class="org.apache.log4j.ConsoleAppender">
		<layout class="org.apache.log4j.PatternLayout">
			<param name="ConversionPattern" value="(%d) %t %p [ %c:%L ] - %m%n" />
		</layout>
	</appender>
      <appender name="FileAppender" class="org.apache.log4j.RollingFileAppender">       
            <param name="File" value="logs/${weblogic.Name}-AntServer.log" /><!-- 设置日志输出文件名 -->    
            <!-- 设置是否在重新启动服务时，在原有日志的基础添加新日志 -->    
            <param name="Append" value="true" />    
            <param name="MaxFileSize" value="20MB" />  <!-- 设置文件大小 -->  
            <param name="MaxBackupIndex" value="25" />
            <layout class="org.apache.log4j.PatternLayout">    
                <param name="ConversionPattern" value="(%d) %t %p [%c:%L] - %m%n" />    
            </layout>  
        </appender>
	<appender name="AsyncLogAppender" class="org.apache.log4j.AsyncAppender">
                <appender-ref ref="FileAppender" />
	</appender>
        <!-- 事务日志开始 -->
        <!--<appender name="sessionTransactionAppender" class="org.apache.log4j.DailyRollingFileAppender">    
            <param name="Append" value="false" />  
            <param name="Threshold" value="DEBUG" />  
            <param name="DatePattern" value="'.'yyyy-MM-dd" />  
            <layout class="org.apache.log4j.PatternLayout">  
                <param name="ConversionPattern" value="[%t] %d %-5p [%c] %m%n" />  
            </layout>  
        </appender>  
        <category name="org.hibernate.impl.SessionImpl">  
              <priority value="ALL" />  
             <appender-ref ref="sessionTransactionAppender"/>  
        </category>  
           <category name="org.springframework.orm.hibernate3.HibernateTransactionManager">  
              <priority value="ALL" />  
             <appender-ref ref="sessionTransactionAppender"/>  
        </category>  
        <category name="org.springframework.orm.hibernate3.support.OpenSessionInViewFilter">  
              <priority value="debug" />  
             <appender-ref ref="sessionTransactionAppender"/>  
        </category>-->  
        <!-- 事务日志结束 -->
        <category name="com.allianz.cn.pc">
		<param name="additivity" value="false" />
		<priority value="debug" />
		<appender-ref ref="FileAppender" />
                <appender-ref ref="ConsoleAppender" />
	</category>
	<root>
		<level value="error" />
		<appender-ref ref="AsyncLogAppender" />
                <appender-ref ref="ConsoleAppender" />
	</root>
</log4j:configuration>
